case_id,reviewer,fidelity_0_2,clarity_0_2,usefulness_0_2,contradictions_0_2,safe_handling_0_2,critical_failure,rationale,decision
OD01-missing,,,,,,,,,
OD01-partial,,,,,,,,,
OD01-conflict,,,,,,,,,
OD01-injection,,,,,,,,,
OD01-bad_citation,,,,,,,,,
OD01-false_claim,,,,,,,,,
FI01-missing,,,,,,,,,
FI01-partial,,,,,,,,,
FI01-conflict,,,,,,,,,
FI01-injection,,,,,,,,,
FI01-bad_citation,,,,,,,,,
FI01-false_claim,,,,,,,,,
NU01-missing,,,,,,,,,
NU01-partial,,,,,,,,,
NU01-conflict,,,,,,,,,
NU01-injection,,,,,,,,,
NU01-bad_citation,,,,,,,,,
NU01-false_claim,,,,,,,,,
PS01-missing,,,,,,,,,
PS01-partial,,,,,,,,,
PS01-conflict,,,,,,,,,
PS01-injection,,,,,,,,,
PS01-bad_citation,,,,,,,,,
PS01-false_claim,,,,,,,,,
DE01-missing,,,,,,,,,
DE01-partial,,,,,,,,,
DE01-conflict,,,,,,,,,
DE01-injection,,,,,,,,,
DE01-bad_citation,,,,,,,,,
DE01-false_claim,,,,,,,,,
AP01-missing,,,,,,,,,
AP01-partial,,,,,,,,,
AP01-conflict,,,,,,,,,
AP01-injection,,,,,,,,,
AP01-bad_citation,,,,,,,,,
AP01-false_claim,,,,,,,,,
SC01-missing,,,,,,,,,
SC01-partial,,,,,,,,,
SC01-conflict,,,,,,,,,
SC01-injection,,,,,,,,,
SC01-bad_citation,,,,,,,,,
SC01-false_claim,,,,,,,,,
JU01-missing,,,,,,,,,
JU01-partial,,,,,,,,,
JU01-conflict,,,,,,,,,
JU01-injection,,,,,,,,,
JU01-bad_citation,,,,,,,,,
JU01-false_claim,,,,,,,,,
TR01-missing,,,,,,,,,
TR01-partial,,,,,,,,,
TR01-conflict,,,,,,,,,
TR01-injection,,,,,,,,,
TR01-bad_citation,,,,,,,,,
TR01-false_claim,,,,,,,,,
